<resources>
    <string name="app_name">PackagesInformation</string>
    <string name="action_settings">Settings</string>
    <string name="enter_barcode">Enter Barcode</string>
    <string name="enter_dimms_msg">Enter Dimms Width x Height x Depth</string>
  <string name="enter_width">Width</string>
  <string name="enter_height">Height</string>
  <string name="enter_depth">Depth</string>
  <string name="barcode_txt">Barcode</string>
  <string name="reset">Reset</string>
  <string name="save">Save</string>
  <string name="mandotoy_msg">Please fill Mandotory value</string>
  
</resources>
